checkpoint,orig_nohint_ex,orig_hint_ex,wretblad_ex,arcwise_ex,arcwise_sqlonly_ex,orig_nohint_pass8,orig_hint_pass8,wretblad_pass8,arcwise_pass8,arcwise_sqlonly_pass8
base,18.9,22.2,20.9,11.2,12.5,40.6,50.0,48.1,33.3,36.7
step_25,41.2,44.9,47.4,31.7,29.6,62.3,68.9,69.8,56.7,46.7
step_50,49.1,52.1,54.4,44.2,38.3,65.1,65.1,69.8,56.7,50.0
step_75,49.6,53.4,55.3,45.0,37.5,63.2,65.1,68.9,53.3,50.0
step_100,50.2,53.5,55.9,45.0,34.6,61.3,63.2,67.9,56.7,46.7
step_125,46.2,52.8,55.5,42.9,32.9,57.5,63.2,67.9,60.0,50.0
step_150,48.0,50.4,56.8,42.9,32.1,60.4,62.3,67.9,56.7,53.3
step_175,50.9,54.5,58.8,40.0,29.6,63.2,65.1,69.8,50.0,43.3
step_200,48.0,49.9,57.9,36.7,31.7,59.4,63.2,71.7,46.7,46.7
step_225,50.2,54.7,58.7,44.2,37.5,60.4,63.2,71.7,60.0,53.3
step_249,49.3,51.2,58.1,40.8,37.1,61.3,60.4,68.9,50.0,46.7
step_250,50.2,51.9,58.0,40.8,37.5,63.2,63.2,69.8,50.0,46.7
