step,train_reward_pct
1,43.23
2,42.45
3,42.97
4,34.9
5,45.05
6,33.33
7,31.25
8,39.58
9,50.52
10,43.49
11,51.82
12,45.57
13,50.78
14,63.54
15,48.44
16,56.25
17,58.33
18,59.64
19,60.42
20,45.31
21,64.58
22,52.34
23,61.98
24,67.97
25,61.98
26,81.51
27,70.57
28,64.84
29,79.95
30,70.05
31,62.76
32,77.34
33,71.88
34,79.43
35,83.07
36,70.05
37,83.07
38,71.61
39,81.77
40,86.46
41,76.56
42,74.74
43,84.9
44,82.55
45,84.38
46,93.23
47,75.78
48,83.07
49,78.39
50,90.62
51,82.81
52,86.46
53,85.16
54,85.42
55,89.06
56,84.38
57,79.95
58,80.21
59,79.43
60,83.59
61,89.06
62,83.07
63,86.72
64,90.1
65,89.84
66,85.94
67,90.89
68,84.64
69,93.23
70,94.01
71,79.17
72,83.33
73,91.07
74,90.89
75,84.64
76,87.5
77,89.84
78,92.19
79,86.46
80,93.75
81,90.1
82,93.49
83,94.79
84,86.98
85,82.29
86,90.89
87,78.91
88,90.1
89,95.83
90,85.68
91,87.5
92,87.24
93,96.88
94,89.32
95,86.2
96,89.06
97,92.71
98,93.23
99,84.64
100,86.2
101,91.93
102,87.24
103,95.83
104,86.46
105,91.41
106,86.72
107,87.76
108,91.93
109,88.54
110,87.76
111,84.38
112,96.61
113,89.84
114,90.1
115,80.9
116,56.09
117,47.34
118,93.23
119,94.27
120,90.89
121,92.97
122,85.16
123,84.11
124,85.42
125,84.11
126,89.58
127,85.68
128,86.2
129,91.67
130,95.31
131,90.89
132,88.28
133,98.7
134,84.11
135,94.27
136,96.88
137,86.72
138,83.33
139,95.05
140,91.67
141,87.24
142,85.16
143,92.19
144,96.35
145,98.18
146,88.02
147,98.7
148,95.57
149,91.15
150,89.84
151,90.89
152,94.27
153,90.36
154,92.19
155,94.53
156,92.45
157,91.93
158,91.41
159,98.96
160,84.11
161,92.19
162,91.93
163,94.79
164,94.27
165,97.4
166,92.71
167,96.61
168,91.15
169,97.4
170,93.23
171,94.79
172,91.41
173,91.67
174,88.28
175,92.71
176,92.45
177,86.72
178,96.61
179,97.66
180,94.79
181,91.93
182,91.15
183,93.49
184,94.27
185,98.44
186,93.23
187,94.01
188,97.66
189,87.24
190,91.41
191,80.47
192,88.54
193,92.19
194,83.07
195,87.24
196,85.42
197,95.83
198,95.83
199,85.42
200,92.45
201,92.19
202,91.67
203,96.88
204,86.46
205,93.23
206,89.06
207,94.27
208,89.32
209,89.84
210,93.23
211,96.61
212,97.92
213,91.41
214,95.05
215,94.53
216,94.53
217,92.45
218,83.85
219,95.57
220,95.83
221,89.84
222,91.41
223,93.49
224,90.62
225,94.79
226,96.35
227,91.41
228,89.8
229,89.06
230,96.09
231,96.88
232,96.09
233,93.23
234,95.05
235,96.35
236,94.27
237,97.14
238,92.45
239,54.8
240,93.11
241,92.71
242,90.62
243,94.79
244,91.93
245,95.83
246,98.96
247,96.35
248,94.27
249,92.97
250,97.14
